{
    "user_id_16304": 57.724528200457115,
    "user_id_2843": 62.0489604989605,
    "user_id_34511": 61.648541716281656,
    "user_id_3544": 71.89323042548848,
    "user_id_39021": 56.54418791788842,
    "user_id_39160": 57.41295781686276,
    "user_id_39190": 64.19070412251608,
    "user_id_39200": 48.080505210536046,
    "user_id_40186": 60.65228534816189,
    "user_id_40552": 86.84177611006879,
    "user_id_47329": 62.0193703928088,
    "user_id_47774": 65.11246022205344,
    "user_id_47879": 59.404552492796924,
    "user_id_47920": 62.6585893981563,
    "user_id_47937": 56.403873016304225,
    "user_id_47961": 59.31104117924709,
    "user_id_47996": 58.85124441418476,
    "user_id_48025": 59.15055069183792,
    "user_id_48083": 66.49679200224122,
    "user_id_48090": 61.999057961447306,
    "user_id_48102": 60.06698504517344,
    "user_id_48117": 55.409701874399744,
    "user_id_48721": 53.51354744852142,
    "user_id_49315": 83.64268408300853,
    "user_id_49361": 51.466556468910376,
    "user_id_49405": 62.74961014598442,
    "user_id_49687": 67.20889421252875,
    "user_id_49823": 55.0830663745523,
    "user_id_50263": 62.21255286549594,
    "user_id_51584": 56.73712322429928,
    "user_id_52592": 57.55687399279361,
    "user_id_58547": 59.14403506867444,
    "user_id_58575": 61.95911380577982,
    "user_id_58585": 55.72942153071139,
    "user_id_58586": 63.59729659990576,
    "user_id_58610": 59.73113829492812,
    "user_id_58616": 60.398642902488405,
    "user_id_58634": 57.79894740305535,
    "user_id_58744": 59.99085825273073,
    "user_id_58758": 59.29936355450555,
    "user_id_58778": 60.32013311780197,
    "user_id_58822": 60.61617288005917,
    "user_id_58834": 57.18162569887013,
    "user_id_58865": 64.90268926703733,
    "user_id_59018": 57.48146815258045,
    "user_id_59137": 61.18206486337199,
    "user_id_59140": 57.42630910291465,
    "user_id_59308": 61.538202810461705,
    "user_id_60578": 68.40597449533425,
    "user_id_60580": 38.75558485100486,
    "user_id_60581": 51.8881671909149,
    "user_id_60583": 44.91870440341247,
    "user_id_60584": 69.73126751251836,
    "user_id_60585": 53.36306956294974,
    "user_id_60586": 57.67748513774973,
    "user_id_60587": 61.24197579534574,
    "user_id_60589": 52.166886141750865,
    "user_id_60590": 62.21671607643131,
    "user_id_60591": 60.038163056132916,
    "user_id_60592": 57.619920943326825,
    "user_id_60593": 55.34440470370173,
    "user_id_60594": 54.315334523737576,
    "user_id_60595": 59.20240365237803,
    "user_id_60598": 61.78826226488078,
    "user_id_60599": 60.950340816012144,
    "user_id_60601": 58.274254584910985,
    "user_id_60602": 61.94317843316874,
    "user_id_60603": 56.5633686544527,
    "user_id_60604": 55.77974276926068,
    "user_id_60605": 58.11387339627,
    "user_id_60606": 52.603207514232956,
    "user_id_60608": 59.462212176206094,
    "user_id_60610": 60.15668896160214,
    "user_id_60611": 57.496907569352175,
    "user_id_60613": 61.60384223706748,
    "user_id_60614": 48.298837341562674,
    "user_id_60615": 57.64352190340314,
    "user_id_60616": 62.22924013173202,
    "user_id_60617": 52.75495305269307,
    "user_id_60618": 55.36929861505514,
    "user_id_60619": 60.883584933444546,
    "user_id_60620": 65.17139249933923,
    "user_id_60621": 58.998830358186126,
    "user_id_60622": 59.97379750358335,
    "user_id_60623": 57.65683303426551,
    "user_id_60624": 60.35203936069418,
    "user_id_60625": 59.452569116411595,
    "user_id_60627": 55.66538482625432,
    "user_id_60628": 54.17839001166193,
    "user_id_60630": 51.04738337418869,
    "user_id_60631": 60.56036760998221,
    "user_id_60632": 64.41358917846557,
    "user_id_60634": 58.59388847932017,
    "user_id_60635": 59.90465448004018,
    "user_id_60636": 58.96391390783636,
    "user_id_60637": 65.54092159718383,
    "user_id_60638": 62.589363287112704,
    "user_id_60639": 61.237667408131486,
    "user_id_60640": 54.854882840502796,
    "user_id_60641": 61.594076550365145,
    "user_id_60642": 64.06095013254458,
    "user_id_60643": 55.65338952697597,
    "user_id_60644": 54.87296022298185,
    "user_id_60645": 54.99368207494782,
    "user_id_60647": 64.58853653685676,
    "user_id_60648": 54.09303153701424,
    "user_id_60649": 60.498912996138635,
    "user_id_60651": 57.57739575354497,
    "user_id_60652": 49.217887341893295,
    "user_id_60653": 60.60775218575568,
    "user_id_60654": 62.14894716839527,
    "user_id_60657": 63.14502446948411,
    "user_id_60658": 50.56757040362841,
    "user_id_60659": 60.62657939210397,
    "user_id_60660": 59.70842575796119,
    "user_id_60661": 59.39045097777441,
    "user_id_60662": 59.18611881155582,
    "user_id_60665": 56.31474508208438,
    "user_id_60666": 64.97508577198309,
    "user_id_60667": 54.648867778115424,
    "user_id_60668": 63.681408954706384,
    "user_id_60669": 58.687901982974154,
    "user_id_60670": 56.50593978822945,
    "user_id_60671": 57.35442058974885,
    "user_id_60672": 46.64163922270615,
    "user_id_60673": 55.87950315418736,
    "user_id_60675": 54.124754673331054,
    "user_id_60676": 61.07559333030304,
    "user_id_60677": 57.07616718949437,
    "user_id_60678": 54.83884350565495,
    "user_id_60679": 53.32932300675997,
    "user_id_60683": 57.3033485166985,
    "user_id_60686": 50.98589497243893,
    "user_id_60688": 59.95367864109763,
    "user_id_60689": 51.668796319959114,
    "user_id_60690": 66.91199183020827,
    "user_id_60691": 60.70155103553459,
    "user_id_60692": 54.424522147505876,
    "user_id_60693": 57.96313696655666,
    "user_id_60694": 54.66354963043385,
    "user_id_60695": 53.76091082724639,
    "user_id_60696": 60.93401834525244,
    "user_id_60697": 59.66911270075089,
    "user_id_60698": 60.23753262480798,
    "user_id_60699": 54.60535459532544,
    "user_id_60700": 53.787450498864374,
    "user_id_60703": 53.003061214194,
    "user_id_60705": 55.16525420136345,
    "user_id_60706": 60.37519124614987,
    "user_id_60707": 57.661990652749566,
    "user_id_60708": 51.703088532166525,
    "user_id_60710": 61.167501018205954,
    "user_id_60711": 57.67591418249179,
    "user_id_60712": 59.667654541837166,
    "user_id_60713": 51.825369232148894,
    "user_id_60714": 65.05417762466814,
    "user_id_60715": 61.54593536476119,
    "user_id_60716": 57.38748064778948,
    "user_id_60717": 53.10391510120583,
    "user_id_60719": 47.52105168623689,
    "user_id_60720": 56.07796493826747,
    "user_id_60721": 52.58368050181839,
    "user_id_60722": 63.460850566140714,
    "user_id_60723": 62.04029368057224,
    "user_id_60724": 61.11279602362952,
    "user_id_60725": 69.7306615035138,
    "user_id_60727": 61.51475270788051,
    "user_id_60728": 54.53590045244377,
    "user_id_60730": 58.90352704136302,
    "user_id_60731": 58.41744339998055,
    "user_id_60733": 56.659215271691636,
    "user_id_60734": 60.59514613026693,
    "user_id_60737": 54.37142114641237,
    "user_id_60738": 59.74737485633669,
    "user_id_60739": 62.55941252339999,
    "user_id_60742": 56.55634161523234,
    "user_id_60746": 59.14660810806171,
    "user_id_60747": 58.659572001759614,
    "user_id_60749": 61.016846097435256,
    "user_id_60750": 56.80267329926306,
    "user_id_60751": 59.70412815616963,
    "user_id_60752": 55.99021613721105,
    "user_id_60753": 50.83815239035637,
    "user_id_60755": 57.98237581756301,
    "user_id_60756": 63.29053461104301,
    "user_id_60757": 63.86631432200518,
    "user_id_60758": 57.65462394768712,
    "user_id_60759": 57.66897715216925,
    "user_id_60760": 60.97047955409084,
    "user_id_60761": 64.88636959693353,
    "user_id_60762": 62.02130028875606,
    "user_id_60763": 67.57120553745291,
    "user_id_60764": 60.02044968947458,
    "user_id_60765": 63.38716561840908,
    "user_id_60766": 57.37825461652594,
    "user_id_60767": 59.18249003121325,
    "user_id_60768": 52.66568647294518,
    "user_id_60769": 63.44664119490414,
    "user_id_60770": 61.901764303969216,