{
    "user_id_16304": 74.48745201232335,
    "user_id_2843": 93.75,
    "user_id_34511": 73.43589743589743,
    "user_id_3544": 90.42207792207792,
    "user_id_39021": 61.71450650267662,
    "user_id_39160": 61.63653902365502,
    "user_id_39190": 73.17548291656422,
    "user_id_39200": 68.84251680133302,
    "user_id_40186": 70.61019782204515,
    "user_id_40552": 84.61538461538461,
    "user_id_47329": 62.59000864021569,
    "user_id_47774": 66.27725536279507,
    "user_id_47879": 53.368747408995084,
    "user_id_47920": 69.8097651051724,
    "user_id_47937": 70.75601949633152,
    "user_id_47961": 67.98515621988851,
    "user_id_47996": 66.75120595407881,
    "user_id_48025": 67.53498833520952,
    "user_id_48083": 75.27057421415918,
    "user_id_48090": 61.33759391616928,
    "user_id_48102": 69.94437092163417,
    "user_id_48117": 69.99969907710805,
    "user_id_48721": 68.19061655502965,
    "user_id_49315": 63.63636363636363,
    "user_id_49361": 65.50946624189152,
    "user_id_49405": 69.26369665855835,
    "user_id_49687": 73.54247993855166,
    "user_id_49823": 78.12444422572266,
    "user_id_50263": 69.15740755025921,
    "user_id_51584": 76.552008987576,
    "user_id_52592": 67.9317090387185,
    "user_id_58547": 75.60410188938484,
    "user_id_58575": 71.43393142525983,
    "user_id_58585": 74.63783896956174,
    "user_id_58586": 68.49791942709268,
    "user_id_58610": 68.35236723767449,
    "user_id_58616": 70.25801807833638,
    "user_id_58634": 70.50017544729805,
    "user_id_58744": 71.31561198703943,
    "user_id_58758": 71.343558932397,
    "user_id_58778": 68.88261125087134,
    "user_id_58822": 73.22381794319868,
    "user_id_58834": 71.31509706838206,
    "user_id_58865": 66.13898567752807,
    "user_id_59018": 69.65292297770512,
    "user_id_59137": 76.25826355028327,
    "user_id_59140": 67.64755009075392,
    "user_id_59308": 71.36562117576004,
    "user_id_60578": 63.63636363636363,
    "user_id_60580": 72.48681358515974,
    "user_id_60581": 78.78576385436567,
    "user_id_60583": 90.0,
    "user_id_60584": 67.38087409805487,
    "user_id_60585": 71.93675883018689,
    "user_id_60586": 75.93912270893108,
    "user_id_60587": 66.95703803020477,
    "user_id_60589": 65.33533503914568,
    "user_id_60590": 67.32316792897998,
    "user_id_60591": 75.44470589147141,
    "user_id_60592": 69.755451891182,
    "user_id_60593": 66.56703945841775,
    "user_id_60594": 71.38368534571107,
    "user_id_60595": 77.69634222640744,
    "user_id_60598": 70.86277644205668,
    "user_id_60599": 71.57147879729595,
    "user_id_60601": 71.37970482814201,
    "user_id_60602": 73.51157563163494,
    "user_id_60603": 72.80585922029906,
    "user_id_60604": 67.99378751796718,
    "user_id_60605": 76.05593276752184,
    "user_id_60606": 67.38839930810452,
    "user_id_60608": 78.39280431728646,
    "user_id_60610": 72.40149550284659,
    "user_id_60611": 66.62896523222146,
    "user_id_60613": 66.52492178410033,
    "user_id_60614": 72.46022200369518,
    "user_id_60615": 67.92116927118387,
    "user_id_60616": 67.64072249405245,
    "user_id_60617": 79.66071419741468,
    "user_id_60618": 71.5365505013418,
    "user_id_60619": 68.7845145124354,
    "user_id_60620": 66.57755317090975,
    "user_id_60621": 68.0300566821931,
    "user_id_60622": 70.78978429652855,
    "user_id_60623": 74.04631713175891,
    "user_id_60624": 76.22160299983834,
    "user_id_60625": 68.42236962646207,
    "user_id_60627": 67.18486163556368,
    "user_id_60628": 72.91885761044608,
    "user_id_60630": 71.73876746923375,
    "user_id_60631": 71.0361940641871,
    "user_id_60632": 69.58663293081496,
    "user_id_60634": 73.3481988648285,
    "user_id_60635": 70.14180153282878,
    "user_id_60636": 67.25526205542488,
    "user_id_60637": 71.56164880876712,
    "user_id_60638": 69.28712498682646,
    "user_id_60639": 69.3673739650148,
    "user_id_60640": 71.09253627792934,
    "user_id_60641": 78.61993326203307,
    "user_id_60642": 69.82313806232365,
    "user_id_60643": 66.58531618832805,
    "user_id_60644": 70.38016581932514,
    "user_id_60645": 47.51677649257207,
    "user_id_60647": 72.12983577654387,
    "user_id_60648": 67.35057413715079,
    "user_id_60649": 66.51683742591486,
    "user_id_60651": 64.04805969022625,
    "user_id_60652": 67.98034930986745,
    "user_id_60653": 71.65030563478493,
    "user_id_60654": 67.87544480880977,
    "user_id_60657": 70.95738378796692,
    "user_id_60658": 66.822226041007,
    "user_id_60659": 68.91422120727707,
    "user_id_60660": 69.89364735484673,
    "user_id_60661": 68.61053744623412,
    "user_id_60662": 69.25143161681183,
    "user_id_60665": 72.85591311055857,
    "user_id_60666": 70.91864165791829,
    "user_id_60667": 71.80898888720094,
    "user_id_60668": 73.97634420172567,
    "user_id_60669": 70.3299774509148,
    "user_id_60670": 69.12142065550614,
    "user_id_60671": 69.33419968116264,
    "user_id_60672": 70.70757010429277,
    "user_id_60673": 71.34021430925561,
    "user_id_60675": 72.42404351253501,
    "user_id_60676": 75.47509442550911,
    "user_id_60677": 69.88463082344593,
    "user_id_60678": 70.70823109355716,
    "user_id_60679": 61.06923510585436,
    "user_id_60683": 67.52220256847544,
    "user_id_60686": 66.64618691138018,
    "user_id_60688": 66.89239018714491,
    "user_id_60689": 0.0,
    "user_id_60690": 69.99837978004038,
    "user_id_60691": 73.5401435367186,
    "user_id_60692": 72.60062929145806,
    "user_id_60693": 66.26457139145853,
    "user_id_60694": 64.80472704600237,
    "user_id_60695": 67.89637897141323,
    "user_id_60696": 75.33672108232271,
    "user_id_60697": 74.30449181988844,
    "user_id_60698": 73.53161194336288,
    "user_id_60699": 67.77092047683702,
    "user_id_60700": 72.1110827863741,
    "user_id_60703": 69.72023743927302,
    "user_id_60705": 69.66989873352205,
    "user_id_60706": 68.4503609535635,
    "user_id_60707": 69.3554011380733,
    "user_id_60708": 65.52325382626164,
    "user_id_60710": 71.90940022255697,
    "user_id_60711": 75.63888065765012,
    "user_id_60712": 72.69895821490236,
    "user_id_60713": 52.804232804232804,
    "user_id_60714": 62.611440288469836,
    "user_id_60715": 64.03477467181881,
    "user_id_60716": 67.33074748679263,
    "user_id_60717": 69.84528003226882,
    "user_id_60719": 67.52851465906016,
    "user_id_60720": 70.16978394005487,
    "user_id_60721": 69.28957433416848,
    "user_id_60722": 68.81001636310016,
    "user_id_60723": 68.92869241901576,
    "user_id_60724": 67.26933378444346,
    "user_id_60725": 71.10391058644043,
    "user_id_60727": 69.1368823914917,
    "user_id_60728": 65.88841825819082,
    "user_id_60730": 70.52577825432813,
    "user_id_60731": 73.45315621814328,
    "user_id_60733": 65.88938120315706,
    "user_id_60734": 66.09407123271124,
    "user_id_60737": 68.35674406730999,
    "user_id_60738": 75.87292536073276,
    "user_id_60739": 69.18441196611603,
    "user_id_60742": 67.12135967367892,
    "user_id_60746": 73.31966198817511,
    "user_id_60747": 74.0504730635788,
    "user_id_60749": 73.79904485612666,
    "user_id_60750": 81.8186242984632,
    "user_id_60751": 70.8961063046796,
    "user_id_60752": 69.57589814453947,
    "user_id_60753": 73.33523594795888,
    "user_id_60755": 71.13646268032986,
    "user_id_60756": 71.71881280098273,
    "user_id_60757": 72.90460782501047,
    "user_id_60758": 68.91238964882126,
    "user_id_60759": 64.35159552268362,
    "user_id_60760": 69.1048826234719,
    "user_id_60761": 68.84022557712288,
    "user_id_60762": 71.67822268708538,
    "user_id_60763": 59.95297162016131,
    "user_id_60764": 68.69762634966602,
    "user_id_60765": 79.18330374188653,
    "user_id_60766": 77.91901693850676,
    "user_id_60767": 73.49304331723053,
    "user_id_60768": 67.93896792403886,
    "user_id_60769": 67.32481656496586,
    "user_id_60770": 76.49483338897765,
    "user_id_60771": 71.78097547110293,
    "user_id_60772": 74.49691074222127,