{
    "user_id_16304": 39.12204994052566,
    "user_id_2843": 38.92307692307691,
    "user_id_34511": 37.403405572755425,
    "user_id_3544": 34.52203710268226,
    "user_id_39021": 41.27244731261351,
    "user_id_39160": 38.03058072653191,
    "user_id_39190": 41.006135965125196,
    "user_id_39200": 32.51367296738214,
    "user_id_40186": 40.14914387114686,
    "user_id_40552": 100,
    "user_id_47329": 48.75342166191416,
    "user_id_47774": 34.3931166979641,
    "user_id_47879": 44.26445708358839,
    "user_id_47920": 46.74159094280454,
    "user_id_47937": 32.51909001113784,
    "user_id_47961": 34.25941664355119,
    "user_id_47996": 33.990603296517726,
    "user_id_48025": 41.2933485814075,
    "user_id_48083": 39.68361597544654,
    "user_id_48090": 56.25192486861054,
    "user_id_48102": 31.2380579007796,
    "user_id_48117": 29.338737395002333,
    "user_id_48721": 39.711108258106655,
    "user_id_49315": 100,
    "user_id_49361": 29.2449913846635,
    "user_id_49405": 50.309661698258566,
    "user_id_49687": 40.3295863479539,
    "user_id_49823": 31.393248089516906,
    "user_id_50263": 40.45554645744387,
    "user_id_51584": 22.444354587368352,
    "user_id_52592": 39.92633046262478,
    "user_id_58547": 31.468927816102582,
    "user_id_58575": 29.252761247862786,
    "user_id_58585": 32.58314673869182,
    "user_id_58586": 35.270597575691724,
    "user_id_58610": 37.3652240826296,
    "user_id_58616": 39.20912155857616,
    "user_id_58634": 34.47250600921457,
    "user_id_58744": 35.57190637342005,
    "user_id_58758": 28.524905282134327,
    "user_id_58778": 40.10331940651219,
    "user_id_58822": 42.70630100632636,
    "user_id_58834": 36.83743387665695,
    "user_id_58865": 41.229115145583215,
    "user_id_59018": 36.843310587513805,
    "user_id_59137": 38.604532011952834,
    "user_id_59140": 35.77826714196147,
    "user_id_59308": 35.798164418569804,
    "user_id_60578": 52.071005917159766,
    "user_id_60580": 27.31222200159895,
    "user_id_60581": 14.807905565115966,
    "user_id_60583": 17.357001972386588,
    "user_id_60584": 40.637731732268456,
    "user_id_60585": 32.67738973037614,
    "user_id_60586": 35.216780482537764,
    "user_id_60587": 29.46577790298083,
    "user_id_60589": 38.100425027786784,
    "user_id_60590": 39.47948420492763,
    "user_id_60591": 37.8353591042694,
    "user_id_60592": 33.582105911251126,
    "user_id_60593": 40.21929227665454,
    "user_id_60594": 26.611105183174082,
    "user_id_60595": 50.28459858112164,
    "user_id_60598": 40.7894798455916,
    "user_id_60599": 43.40973289454693,
    "user_id_60601": 32.66436367517919,
    "user_id_60602": 38.5861686387552,
    "user_id_60603": 34.849590021527874,
    "user_id_60604": 35.64114240945112,
    "user_id_60605": 31.323514749350217,
    "user_id_60606": 36.912773274732054,
    "user_id_60608": 33.51754488448538,
    "user_id_60610": 38.13919471730697,
    "user_id_60611": 37.07507312897511,
    "user_id_60613": 45.71411960154323,
    "user_id_60614": 33.21828105335778,
    "user_id_60615": 31.879968849571267,
    "user_id_60616": 36.48958118756699,
    "user_id_60617": 34.54490921638559,
    "user_id_60618": 31.405895159842046,
    "user_id_60619": 34.13922228486661,
    "user_id_60620": 52.729687684964524,
    "user_id_60621": 31.842703292073686,
    "user_id_60622": 34.9262448444375,
    "user_id_60623": 24.673403438670512,
    "user_id_60624": 38.48358261610198,
    "user_id_60625": 31.763411409532267,
    "user_id_60627": 36.104003244240594,
    "user_id_60628": 29.03501149049076,
    "user_id_60630": 22.08888052609757,
    "user_id_60631": 47.79771560988325,
    "user_id_60632": 38.234659479257175,
    "user_id_60634": 23.7254711947543,
    "user_id_60635": 32.02406876701937,
    "user_id_60636": 41.55993151965624,
    "user_id_60637": 35.175304725188006,
    "user_id_60638": 35.45800456913386,
    "user_id_60639": 47.02524392407005,
    "user_id_60640": 30.82393462075831,
    "user_id_60641": 38.95793993034068,
    "user_id_60642": 47.68622114736115,
    "user_id_60643": 34.87307378779202,
    "user_id_60644": 31.710957741578703,
    "user_id_60645": 32.235432325698895,
    "user_id_60647": 31.755629803076335,
    "user_id_60648": 32.19043888755424,
    "user_id_60649": 33.507877138129125,
    "user_id_60651": 36.305573001916095,
    "user_id_60652": 39.70671761284299,
    "user_id_60653": 31.366742266879783,
    "user_id_60654": 39.50693467320977,
    "user_id_60657": 35.83564592947301,
    "user_id_60658": 34.8550193739723,
    "user_id_60659": 33.788698120338054,
    "user_id_60660": 33.07424071747959,
    "user_id_60661": 37.220504111389864,
    "user_id_60662": 38.14841724427293,
    "user_id_60665": 26.816533268575725,
    "user_id_60666": 48.808788227362975,
    "user_id_60667": 33.72097533172108,
    "user_id_60668": 42.23849843405127,
    "user_id_60669": 35.32835113763835,
    "user_id_60670": 31.761875863374815,
    "user_id_60671": 36.867806595622845,
    "user_id_60672": 32.38771063883189,
    "user_id_60673": 37.24032956295739,
    "user_id_60675": 32.26963921557828,
    "user_id_60676": 41.36272643558369,
    "user_id_60677": 33.78146006745168,
    "user_id_60678": 27.91121751642419,
    "user_id_60679": 41.2937862267134,
    "user_id_60683": 27.679088189326706,
    "user_id_60686": 30.260492629074808,
    "user_id_60688": 40.06841851653058,
    "user_id_60689": 72.52747252747253,
    "user_id_60690": 32.28078968550047,
    "user_id_60691": 35.64275506357602,
    "user_id_60692": 28.45012929981469,
    "user_id_60693": 38.960955375801674,
    "user_id_60694": 34.50562087336814,
    "user_id_60695": 29.633118245119555,
    "user_id_60696": 29.84416390214109,
    "user_id_60697": 35.90989041024815,
    "user_id_60698": 42.491356541017566,
    "user_id_60699": 28.505119232351205,
    "user_id_60700": 34.78476626990308,
    "user_id_60703": 33.97712233082975,
    "user_id_60705": 32.362936474029524,
    "user_id_60706": 34.6044804238927,
    "user_id_60707": 44.05756803364017,
    "user_id_60708": 37.558896349652635,
    "user_id_60710": 40.08414222099287,
    "user_id_60711": 33.04911100762217,
    "user_id_60712": 33.24976477402345,
    "user_id_60713": 33.03418803418803,
    "user_id_60714": 31.329723917435437,
    "user_id_60715": 33.3930749121202,
    "user_id_60716": 35.348899121263514,
    "user_id_60717": 36.12571738085267,
    "user_id_60719": 36.90477660118984,
    "user_id_60720": 34.175764320277914,
    "user_id_60721": 38.67969906155501,
    "user_id_60722": 37.876018069598075,
    "user_id_60723": 39.85808610513026,
    "user_id_60724": 38.791692345514214,
    "user_id_60725": 56.93507582405481,
    "user_id_60727": 38.66288501839988,
    "user_id_60728": 24.328875335347355,
    "user_id_60730": 33.56455592722388,
    "user_id_60731": 32.43068846155784,
    "user_id_60733": 38.184479653122246,
    "user_id_60734": 39.160567986301885,
    "user_id_60737": 29.607323689518772,
    "user_id_60738": 42.16035078824469,
    "user_id_60739": 34.62683814595478,
    "user_id_60742": 33.40988434616891,
    "user_id_60746": 32.19209073592073,
    "user_id_60747": 33.48156149291419,
    "user_id_60749": 37.82268760225465,
    "user_id_60750": 32.14802775933881,
    "user_id_60751": 37.779209386844606,
    "user_id_60752": 41.20817446115239,
    "user_id_60753": 24.10218160656265,
    "user_id_60755": 36.25736632340072,
    "user_id_60756": 41.81137457156059,
    "user_id_60757": 46.04157801080715,
    "user_id_60758": 38.812251522269605,
    "user_id_60759": 34.54280644075282,
    "user_id_60760": 43.25284775705061,
    "user_id_60761": 45.31630300705107,
    "user_id_60762": 45.96710593713925,
    "user_id_60763": 51.020493550793,
    "user_id_60764": 36.61426073438803,
    "user_id_60765": 39.42874836292473,
    "user_id_60766": 31.367848502169004,
    "user_id_60767": 39.4582909900393,
    "user_id_60768": 29.277316878256453,
    "user_id_60769": 40.25056181758813,
    "user_id_60770": 45.11365251179672,