{
    "user_id_2843": 69.32432432432432,
    "user_id_34511": 80.0,
    "user_id_3544": 100.0,
    "user_id_39021": 69.23076923076923,
    "user_id_39160": 74.68354430379746,
    "user_id_39190": 82.88288288288288,
    "user_id_39200": 53.266331658291456,
    "user_id_40186": 76.17647058823529,
    "user_id_40552": 74.79674796747967,
    "user_id_47329": 75.0,
    "user_id_47774": 95.24940617577197,
    "user_id_47879": 77.56255044390637,
    "user_id_47920": 75.0,
    "user_id_47937": 73.11258278145695,
    "user_id_47961": 80.02560819462228,
    "user_id_47996": 79.76190476190476,
    "user_id_48025": 72.81553398058253,
    "user_id_48083": 88.92307692307692,
    "user_id_48090": 68.07692307692308,
    "user_id_48102": 83.9572192513369,
    "user_id_48117": 74.185667752443,
    "user_id_48721": 59.977452085682074,
    "user_id_49315": 77.28852838933952,
    "user_id_49361": 66.66666666666667,
    "user_id_49405": 71.93251533742331,
    "user_id_49687": 90.92140921409214,
    "user_id_49823": 67.25219573400251,
    "user_id_50263": 80.49713193116635,
    "user_id_51584": 81.12244897959184,
    "user_id_52592": 70.0,
    "user_id_58547": 78.58910891089108,
    "user_id_58575": 89.92805755395683,
    "user_id_58585": 69.42148760330579,
    "user_id_58586": 89.47368421052632,
    "user_id_58610": 77.78643803585346,
    "user_id_58616": 76.65847665847666,
    "user_id_58634": 74.77477477477477,
    "user_id_58744": 78.74743326488706,
    "user_id_58758": 84.05172413793103,
    "user_id_58778": 76.25570776255708,
    "user_id_58822": 72.22222222222223,
    "user_id_58834": 70.45908183632734,
    "user_id_58865": 87.95811518324608,
    "user_id_59018": 72.03389830508475,
    "user_id_59137": 76.2214983713355,
    "user_id_59140": 73.96373056994818,
    "user_id_59308": 82.36453201970443,
    "user_id_60578": 87.12574850299401,
    "user_id_60580": 33.333333333333336,
    "user_id_60581": 75.51963048498845,
    "user_id_60583": 49.93975903614458,
    "user_id_60584": 100.0,
    "user_id_60585": 64.76190476190476,
    "user_id_60586": 71.007371007371,
    "user_id_60587": 90.16064257028113,
    "user_id_60589": 59.64912280701754,
    "user_id_60590": 82.40072202166066,
    "user_id_60591": 74.53769559032717,
    "user_id_60592": 75.58997050147492,
    "user_id_60593": 64.85819975339088,
    "user_id_60594": 73.48538845331433,
    "user_id_60595": 58.87323943661972,
    "user_id_60598": 78.24978759558199,
    "user_id_60599": 73.18037974683544,
    "user_id_60601": 77.33142037302726,
    "user_id_60602": 79.51598962834917,
    "user_id_60603": 70.15590200445435,
    "user_id_60604": 69.81132075471699,
    "user_id_60605": 75.93320235756386,
    "user_id_60606": 60.90104585679807,
    "user_id_60608": 75.94158339738662,
    "user_id_60610": 76.05177993527508,
    "user_id_60611": 73.35271317829458,
    "user_id_60613": 75.0330250990753,
    "user_id_60614": 51.298701298701296,
    "user_id_60615": 78.26825127334465,
    "user_id_60616": 85.26315789473684,
    "user_id_60617": 57.51211631663974,
    "user_id_60618": 71.24907612712491,
    "user_id_60619": 83.67748279252704,
    "user_id_60620": 76.91001697792869,
    "user_id_60621": 81.63934426229508,
    "user_id_60622": 79.61335676625659,
    "user_id_60623": 82.4455205811138,
    "user_id_60624": 74.28571428571429,
    "user_id_60625": 82.65682656826569,
    "user_id_60627": 69.46702800361336,
    "user_id_60628": 69.95153473344104,
    "user_id_60630": 69.66019417475728,
    "user_id_60631": 68.08510638297872,
    "user_id_60632": 88.00599700149925,
    "user_id_60634": 86.08515057113188,
    "user_id_60635": 82.66666666666667,
    "user_id_60636": 72.22222222222223,
    "user_id_60637": 92.89617486338798,
    "user_id_60638": 86.37184115523466,
    "user_id_60639": 71.38523761375126,
    "user_id_60640": 70.767004341534,
    "user_id_60641": 75.71728481455564,
    "user_id_60642": 77.55458515283843,
    "user_id_60643": 70.96774193548387,
    "user_id_60644": 70.28135990621337,
    "user_id_60645": 81.49038461538461,
    "user_id_60647": 93.65079365079364,
    "user_id_60648": 69.36685288640597,
    "user_id_60649": 84.48098663926002,
    "user_id_60651": 75.61388653683319,
    "user_id_60652": 49.34782608695652,
    "user_id_60653": 84.32748538011695,
    "user_id_60654": 81.92771084337349,
    "user_id_60657": 86.5482233502538,
    "user_id_60658": 58.15279361459521,
    "user_id_60659": 83.32063975628333,
    "user_id_60660": 81.25,
    "user_id_60661": 76.95035460992908,
    "user_id_60662": 75.1911639762107,
    "user_id_60665": 77.54237288135593,
    "user_id_60666": 78.1696053736356,
    "user_id_60667": 66.996699669967,
    "user_id_60668": 79.97685185185185,
    "user_id_60669": 76.22641509433963,
    "user_id_60670": 74.94226327944573,
    "user_id_60671": 71.85114503816794,
    "user_id_60672": 48.862602365787076,
    "user_id_60673": 66.78832116788321,
    "user_id_60675": 66.83022571148184,
    "user_id_60676": 73.58870967741936,
    "user_id_60677": 73.96664249456127,
    "user_id_60678": 73.83177570093459,
    "user_id_60679": 61.49490373725934,
    "user_id_60683": 81.81818181818181,
    "user_id_60686": 63.8811513463324,
    "user_id_60688": 76.36958299264104,
    "user_id_60689": 56.64451827242525,
    "user_id_60690": 100.0,
    "user_id_60691": 79.34105075690115,
    "user_id_60692": 71.31086142322097,
    "user_id_60693": 72.8146013448607,
    "user_id_60694": 69.7508896797153,
    "user_id_60695": 70.82096933728981,
    "user_id_60696": 84.82252141982865,
    "user_id_60697": 76.11064543168483,
    "user_id_60698": 71.33666904932095,
    "user_id_60699": 74.12280701754386,
    "user_id_60700": 63.6283185840708,
    "user_id_60703": 63.670411985018724,
    "user_id_60705": 70.71524966261808,
    "user_id_60706": 82.1083172147002,
    "user_id_60707": 65.41970802919708,
    "user_id_60708": 58.93719806763285,
    "user_id_60710": 76.87991021324355,
    "user_id_60711": 73.32123411978222,
    "user_id_60712": 79.56989247311827,
    "user_id_60713": 70.12711864406779,
    "user_id_60714": 100.0,
    "user_id_60715": 88.45437616387338,
    "user_id_60716": 74.45442875481386,
    "user_id_60717": 61.711430356027485,
    "user_id_60719": 48.1335952848723,
    "user_id_60720": 70.93425605536332,
    "user_id_60721": 58.134715025906736,
    "user_id_60722": 86.37110016420361,
    "user_id_60723": 80.77830188679245,
    "user_id_60724": 80.35563082133785,
    "user_id_60725": 81.83962264150944,
    "user_id_60727": 80.55555555555556,
    "user_id_60728": 79.06666666666666,
    "user_id_60730": 78.43137254901961,
    "user_id_60731": 76.88634192932187,
    "user_id_60733": 70.51886792452831,
    "user_id_60734": 79.28026172300982,
    "user_id_60737": 72.14285714285714,
    "user_id_60738": 69.27162367223065,
    "user_id_60739": 87.17948717948718,
    "user_id_60742": 74.42028985507247,
    "user_id_60746": 79.01459854014598,
    "user_id_60747": 76.14213197969544,
    "user_id_60749": 77.81990521327015,
    "user_id_60750": 68.94934333958724,
    "user_id_60751": 76.03305785123968,
    "user_id_60752": 63.97941680960549,
    "user_id_60753": 66.32558139534883,
    "user_id_60755": 73.13034188034187,
    "user_id_60756": 80.55555555555556,
    "user_id_60757": 77.17190388170056,
    "user_id_60758": 70.86811352253756,
    "user_id_60759": 77.45383867832848,
    "user_id_60760": 74.62090981644054,
    "user_id_60761": 82.47950819672131,
    "user_id_60762": 73.2470334412082,
    "user_id_60763": 87.93103448275862,
    "user_id_60764": 79.0880503144654,
    "user_id_60765": 79.4475138121547,
    "user_id_60766": 73.11827956989248,
    "user_id_60767": 71.75141242937853,
    "user_id_60768": 68.41741534208708,
    "user_id_60769": 84.70363288718929,
    "user_id_60770": 71.39334155363748,
    "user_id_60771": 64.69093988145639,
    "user_id_60772": 70.86142322097378,
    "user_id_60773": 86.41344046749452,
    "user_id_60774": 57.69961977186312,
    "user_id_60775": 74.25025853154085,