{
    "user_id_60763": 85.52239886186189,
    "user_id_60620": 83.6538051806871,
    "user_id_60595": 81.07800989067992,
    "user_id_60885": 80.98859212176336,
    "user_id_60788": 80.89554114020096,
    "user_id_60770": 80.6463989930276,
    "user_id_49687": 80.36262713045467,
    "user_id_60899": 80.01144107683018,
    "user_id_49405": 79.8407236780716,
    "user_id_60666": 79.81027349963375,
    "user_id_60837": 79.64773401507321,
    "user_id_60761": 79.62303640276618,
    "user_id_60642": 79.4810166190798,
    "user_id_60827": 79.19975082607758,
    "user_id_60790": 79.14256862859479,
    "user_id_48083": 79.03515763927066,
    "user_id_61132": 78.84621681611257,
    "user_id_60757": 78.80020469601658,
    "user_id_60668": 78.55430453321503,
    "user_id_47920": 78.27512839602646,
    "user_id_47329": 78.09559352073782,
    "user_id_60896": 77.86510558627954,
    "user_id_60639": 77.66897910793386,
    "user_id_60799": 77.3200703454456,
    "user_id_60778": 77.31555441666305,
    "user_id_60631": 76.01182208201097,
    "user_id_60760": 75.71579883309329,
    "user_id_60765": 75.59015603846169,
    "user_id_60762": 75.51838437015172,
    "user_id_60739": 75.47951681599037,
    "user_id_60698": 75.41111143139253,
    "user_id_60641": 75.34201697833504,
    "user_id_60602": 75.25976542703441,
    "user_id_60676": 75.24830088622028,
    "user_id_60756": 75.24442524562781,
    "user_id_60769": 75.13393635585471,
    "user_id_60710": 74.6358822074857,
    "user_id_58616": 74.42559155288544,
    "user_id_60624": 74.27595218354564,
    "user_id_59137": 74.26159134068094,
    "user_id_60833": 74.06201108943829,
    "user_id_60590": 74.0019572043259,
    "user_id_60637": 73.99106797497794,
    "user_id_60723": 73.96700286588265,
    "user_id_60632": 73.82334576618989,
    "user_id_60599": 73.78694049561221,
    "user_id_60846": 73.77280636272513,
    "user_id_47774": 73.76335243282256,
    "user_id_8246": 73.76299568532471,
    "user_id_61519": 73.76260436774928,
    "user_id_60598": 73.71694275295769,
    "user_id_61135": 73.51781803887917,
    "user_id_58822": 73.29041436677223,
    "user_id_50263": 73.27702827100444,
    "user_id_60722": 73.08389164644645,
    "user_id_60657": 73.04756476587362,
    "user_id_60767": 72.86929950170956,
    "user_id_60654": 72.85442226311238,
    "user_id_60616": 72.84776720074919,
    "user_id_60734": 72.80103573744259,
    "user_id_8318": 72.69470889817065,
    "user_id_60690": 72.66846723941231,
    "user_id_58586": 72.5504561402349,
    "user_id_60707": 72.49888536924433,
    "user_id_60749": 72.4347090133309,
    "user_id_60727": 72.41632172131398,
    "user_id_40186": 72.38595922918978,
    "user_id_60792": 72.0201287669508,
    "user_id_58778": 71.79888542044353,
    "user_id_8317": 71.75986783301515,
    "user_id_60773": 71.65234491644188,
    "user_id_60738": 71.65210438887368,
    "user_id_60724": 71.6071435334622,
    "user_id_60636": 71.53477151104934,
    "user_id_60751": 71.33028634899681,
    "user_id_60688": 71.25966677883278,
    "user_id_60638": 71.01659083574782,
    "user_id_60591": 70.96070396088918,
    "user_id_61020": 70.94969770069162,
    "user_id_48025": 70.94791906449976,
    "user_id_60647": 70.80753360500849,
    "user_id_16304": 70.80602130245356,
    "user_id_61406": 70.6605396143149,
    "user_id_60693": 70.62409801157837,
    "user_id_61041": 70.58635104804048,
    "user_id_60832": 70.57886943952303,
    "user_id_60691": 70.49554649131701,
    "user_id_60785": 70.46881078313366,
    "user_id_60714": 70.44100857154152,
    "user_id_60608": 70.42647905343705,
    "user_id_58610": 70.34629459038563,
    "user_id_59308": 70.28494041558166,
    "user_id_52592": 70.25220451525516,
    "user_id_60715": 70.01018097940805,
    "user_id_60901": 69.8053633379669,
    "user_id_60610": 69.67657697207278,
    "user_id_60661": 69.62563299924915,
    "user_id_60662": 69.54010662120405,
    "user_id_48102": 69.53447156189665,
    "user_id_60619": 69.24950475638329,
    "user_id_61048": 69.2417424144387,
    "user_id_60758": 69.22425234363482,
    "user_id_60764": 69.12579932526684,
    "user_id_58547": 69.11081429347729,
    "user_id_39160": 69.07961623643726,
    "user_id_61659": 68.91584242973248,
    "user_id_47996": 68.80068038142319,
    "user_id_60649": 68.77691057525776,
    "user_id_60593": 68.77177698379498,
    "user_id_60797": 68.69945269347608,
    "user_id_61094": 68.67590698728134,
    "user_id_60752": 68.58278532771476,
    "user_id_59018": 68.47544479021168,
    "user_id_60697": 68.40119987899502,
    "user_id_60706": 68.23665922137675,
    "user_id_60622": 68.12493001970822,
    "user_id_60696": 68.07560787993054,
    "user_id_60669": 68.02349631972041,
    "user_id_60755": 68.00213431058155,
    "user_id_60733": 67.91620318911887,
    "user_id_60660": 67.85959682093849,
    "user_id_60659": 67.72856456389427,
    "user_id_60898": 67.68993450475354,
    "user_id_60835": 67.68241352141891,
    "user_id_60839": 67.56554667982766,
    "user_id_60635": 67.56000827299304,
    "user_id_60586": 67.50991164936009,
    "user_id_60625": 67.49853851627006,
    "user_id_60611": 67.33708546443336,
    "user_id_61019": 67.2267356916846,
    "user_id_59140": 67.20920577311038,
    "user_id_58575": 67.1853144798162,
    "user_id_58634": 67.18411238119377,
    "user_id_61053": 67.00880474971814,
    "user_id_60643": 66.964778647919,
    "user_id_60716": 66.91265950945048,
    "user_id_60876": 66.88288621669336,
    "user_id_60759": 66.87947605855797,
    "user_id_47961": 66.82446470202454,
    "user_id_60730": 66.79328749811253,
    "user_id_60810": 66.73722262889325,
    "user_id_60673": 66.63859827600837,
    "user_id_48721": 66.60705724567516,
    "user_id_60829": 66.60512856345605,
    "user_id_60651": 66.58198404440776,
    "user_id_60777": 66.57411501386254,
    "user_id_60671": 66.54519483648455,
    "user_id_60601": 66.38849450975395,
    "user_id_60621": 66.32440567868912,
    "user_id_60653": 66.17310404421822,
    "user_id_60712": 65.99413976296053,
    "user_id_60604": 65.94803055174205,
    "user_id_60677": 65.94742260375364,
    "user_id_60747": 65.90045875240487,
    "user_id_60587": 65.71131272852045,
    "user_id_60750": 65.68526410665369,
    "user_id_60866": 65.66214950538993,
    "user_id_60603": 65.5250408680091,
    "user_id_61046": 65.52075978795125,
    "user_id_60627": 65.5053336404728,
    "user_id_60776": 65.35323505042031,
    "user_id_60766": 65.2437451397912,
    "user_id_60889": 65.2118727512355,
    "user_id_47937": 65.15300737177104,
    "user_id_60615": 64.93868839478876,
    "user_id_60742": 64.87032553089449,
    "user_id_60794": 64.83690086534104,
    "user_id_60592": 64.78213447062512,
    "user_id_60720": 64.53163468164871,
    "user_id_60731": 64.47313654411639,
    "user_id_60605": 64.44434469732121,
    "user_id_58758": 64.36789199106568,
    "user_id_60617": 64.34393796209108,
    "user_id_60670": 64.33495408218648,
    "user_id_60895": 64.2688413267411,
    "user_id_60606": 64.03156449000248,
    "user_id_60694": 64.01231769763298,
    "user_id_60628": 63.96408358745224,
    "user_id_60787": 63.907450769401116,
    "user_id_60675": 63.689057690360386,
    "user_id_60774": 63.67363561619661,
    "user_id_60589": 63.54023002140419,
    "user_id_60721": 63.47375367690719,
    "user_id_60648": 63.44101194158803,
    "user_id_60705": 63.40218257345944,
    "user_id_49823": 63.32942148349191,
    "user_id_60665": 63.10178623119108,
    "user_id_60708": 62.982004651715265,
    "user_id_58585": 62.636276265346766,
    "user_id_60652": 62.496745354680684,
    "user_id_60717": 62.43933337184612,
    "user_id_60640": 62.385103676254886,
    "user_id_60812": 62.25871354415304,
    "user_id_60703": 62.19638726568984,
    "user_id_60667": 62.1812125260048,
    "user_id_60618": 62.17564503321428,
    "user_id_60634": 62.12876197209974,
    "user_id_60683": 61.76318176960661,
    "user_id_60719": 61.58983839382259,
    "user_id_60585": 61.58706068809648,