{
    "user_id_60595": 95.82316702767685,
    "user_id_60620": 91.05007985694742,
    "user_id_60763": 88.63861751069133,
    "user_id_60770": 87.28953838246674,
    "user_id_60885": 87.03787739118931,
    "user_id_49405": 86.79631571657748,
    "user_id_60899": 85.56212736380112,
    "user_id_60639": 83.17710644839899,
    "user_id_47329": 82.88471392130228,
    "user_id_60666": 82.47099536921719,
    "user_id_60642": 82.46290547155267,
    "user_id_61132": 82.36808931633746,
    "user_id_60631": 81.96075534827216,
    "user_id_47920": 81.89845797365311,
    "user_id_60790": 81.72373569593081,
    "user_id_60757": 80.9083228271279,
    "user_id_60761": 79.76579268400259,
    "user_id_60788": 79.5489621046553,
    "user_id_60827": 78.95778357460996,
    "user_id_60668": 78.48140357253513,
    "user_id_60698": 78.34566558144347,
    "user_id_60762": 77.66200072185511,
    "user_id_60760": 77.61453115453074,
    "user_id_60707": 77.57535899130549,
    "user_id_60896": 77.44816237359834,
    "user_id_60676": 76.26316919376836,
    "user_id_60837": 75.86372940909756,
    "user_id_8318": 75.64988925086197,
    "user_id_49687": 74.88342893030408,
    "user_id_60599": 74.57574491725495,
    "user_id_60778": 74.51497164401252,
    "user_id_60641": 74.50722539461319,
    "user_id_60799": 74.35644104676457,
    "user_id_8246": 74.26139784979074,
    "user_id_61135": 74.14380181985864,
    "user_id_8317": 74.0981978642954,
    "user_id_58822": 73.98228144486288,
    "user_id_60624": 73.91598524283964,
    "user_id_58616": 73.76240529924539,
    "user_id_60710": 73.70358838289954,
    "user_id_60767": 73.46727421764369,
    "user_id_48083": 73.42731508141422,
    "user_id_60846": 73.25818376260962,
    "user_id_60602": 72.86911180717946,
    "user_id_59137": 72.65134646488217,
    "user_id_60756": 72.50563549288198,
    "user_id_60765": 72.48217423639798,
    "user_id_60738": 72.39953375912668,
    "user_id_16304": 71.95697364938513,
    "user_id_60636": 71.87539550496194,
    "user_id_60593": 71.66309658957528,
    "user_id_60598": 71.35134445508787,
    "user_id_60752": 71.33163569072526,
    "user_id_52592": 70.83460656615146,
    "user_id_60866": 70.75540704308536,
    "user_id_61659": 70.55972891090556,
    "user_id_60723": 70.5485962974613,
    "user_id_48721": 70.53797701851539,
    "user_id_60769": 70.46396943425795,
    "user_id_60833": 70.44653989452496,
    "user_id_48025": 70.37996970504533,
    "user_id_40186": 70.29668134745984,
    "user_id_60810": 70.15931268119347,
    "user_id_61519": 70.0672071702782,
    "user_id_60693": 70.02278254860231,
    "user_id_61020": 69.93060349675987,
    "user_id_60734": 69.8973400202146,
    "user_id_60590": 69.87161400699395,
    "user_id_61048": 69.86852864496271,
    "user_id_60652": 69.86722053319846,
    "user_id_61094": 69.59704006772834,
    "user_id_58778": 69.49295741538437,
    "user_id_50263": 69.43143880012782,
    "user_id_60739": 69.17864564828771,
    "user_id_60719": 69.07314286947502,
    "user_id_61406": 68.99932326922884,
    "user_id_60688": 68.80195220489806,
    "user_id_60749": 68.7597049146794,
    "user_id_60751": 68.41655540108177,
    "user_id_60758": 68.23486117429918,
    "user_id_60654": 67.98577997645577,
    "user_id_60591": 67.86916348205006,
    "user_id_60727": 67.83307097767339,
    "user_id_60774": 66.92409466435399,
    "user_id_39160": 66.86676695953209,
    "user_id_60724": 66.8286170319084,
    "user_id_60733": 66.62847508221503,
    "user_id_60901": 66.13589128798681,
    "user_id_59018": 65.99688742847546,
    "user_id_60777": 65.99673616228446,
    "user_id_60662": 65.99646557790749,
    "user_id_58610": 65.9741900983081,
    "user_id_60617": 65.90659242095583,
    "user_id_60616": 65.89379943306555,
    "user_id_60721": 65.81390178985997,
    "user_id_60589": 65.6900064273336,
    "user_id_60673": 65.68848079331579,
    "user_id_60632": 65.5683336774248,
    "user_id_61019": 65.48857139857502,
    "user_id_60608": 65.46844442295105,
    "user_id_60606": 65.41337910784128,
    "user_id_60722": 65.40546355030031,
    "user_id_60661": 65.1490093475465,
    "user_id_60610": 65.12418989898516,
    "user_id_60708": 65.09392717348655,
    "user_id_60657": 64.83626948088744,
    "user_id_60785": 64.734659324219,
    "user_id_60643": 64.48643154848516,
    "user_id_60691": 64.31302613223592,
    "user_id_60755": 64.16885160805258,
    "user_id_60586": 63.75167186524933,
    "user_id_60792": 63.742444538191975,
    "user_id_60611": 63.63770787056019,
    "user_id_60898": 63.2828200192964,
    "user_id_60604": 63.117617337807964,
    "user_id_61041": 62.988110254891026,
    "user_id_60764": 62.86403469134062,
    "user_id_59140": 62.831172844642055,
    "user_id_60773": 62.80242001126736,
    "user_id_60776": 62.80229392328099,
    "user_id_60627": 62.678886683003185,
    "user_id_60671": 62.66158928183548,
    "user_id_58586": 62.517954043348034,
    "user_id_60839": 62.48119748937668,
    "user_id_60697": 62.421863265302676,
    "user_id_60637": 62.40225798530078,
    "user_id_59308": 62.40144016565291,
    "user_id_60669": 62.38409689383647,
    "user_id_47996": 62.1979874897248,
    "user_id_60716": 62.037335811975225,
    "user_id_60658": 61.97699089685849,
    "user_id_61053": 61.9366245786779,
    "user_id_58547": 61.89857451950349,
    "user_id_58634": 61.75077030053235,
    "user_id_60835": 61.68275975420544,
    "user_id_60638": 61.5595162413328,
    "user_id_60717": 61.556008625472025,
    "user_id_47774": 61.451517700041556,
    "user_id_60651": 61.2951232499882,
    "user_id_60603": 61.25434408076396,
    "user_id_60750": 60.67478455991241,
    "user_id_60759": 60.60995085249936,
    "user_id_60797": 60.48671814959039,
    "user_id_60832": 60.42034512542396,
    "user_id_60622": 60.32959403975556,
    "user_id_48102": 60.2818322395733,
    "user_id_60694": 60.21642473660434,
    "user_id_60619": 60.152607868645966,
    "user_id_60677": 60.12842663329563,
    "user_id_60675": 60.101953345614966,
    "user_id_60703": 59.89039877637452,
    "user_id_60812": 59.557159447919375,
    "user_id_8160": 59.45886375473379,
    "user_id_60720": 59.432121215029184,
    "user_id_60706": 59.37038563795514,
    "user_id_60672": 59.36122990643818,
    "user_id_60715": 59.359403372491784,
    "user_id_60900": 59.248132380707965,
    "user_id_60649": 59.19433001622777,
    "user_id_47937": 59.069093542959926,
    "user_id_60660": 58.96860379173422,
    "user_id_60648": 58.95919275932883,
    "user_id_61046": 58.73898270651326,
    "user_id_60730": 58.70859869185973,
    "user_id_60628": 58.52574667218775,
    "user_id_60601": 58.5173216297822,
    "user_id_60742": 58.383796571365885,
    "user_id_47961": 58.212702203487076,
    "user_id_49823": 58.1431064618523,
    "user_id_60766": 57.928082902687564,
    "user_id_60747": 57.90120955118834,
    "user_id_60585": 57.68494206983841,
    "user_id_60625": 57.68438591769246,
    "user_id_60791": 57.658476881069795,
    "user_id_60705": 57.608827851256194,
    "user_id_60659": 57.5907609608498,
    "user_id_60614": 57.58342050140085,
    "user_id_60635": 57.47726324795788,
    "user_id_60667": 57.36630682326592,
    "user_id_39200": 57.32439290644654,
    "user_id_60825": 57.183448266438695,
    "user_id_60592": 57.000181101801275,
    "user_id_60787": 56.93582370709854,
    "user_id_60670": 56.71458157969067,
    "user_id_60621": 56.26841730666642,
    "user_id_58585": 56.13631219497012,
    "user_id_60712": 56.135966501598,
    "user_id_60696": 56.09827868137863,
    "user_id_60647": 56.030494999229674,
    "user_id_60876": 55.95468737622388,
    "user_id_60615": 55.91397003999954,
    "user_id_60690": 55.7611441116514,
    "user_id_60794": 55.62920748868411,
    "user_id_60640": 55.46799732531827,
    "user_id_60605": 55.022055628039425,
    "user_id_60731": 54.941093176435274,
    "user_id_60618": 54.69966061561161,
    "user_id_60829": 54.5443196134985,
    "user_id_60644": 54.316023419279446,
    "user_id_60889": 54.26351991445626,