{
    "图结构": 0.20766000386883507,
    "字符串": 0.13258332473098342,
    "排序算法": 0.08578782271853005,
    "数字操作": 0.0931002463652119,
    "数组": 0.08634833758796547,
    "查找算法": 0.10088586558459732,
    "树结构": 0.1895326725106983,
    "线性表": 0.10410172663317838
}