{
    "user_id_60793": 99.81228622263487,
    "user_id_60614": 99.46528046719094,
    "user_id_61132": 98.6425959642575,
    "user_id_60658": 98.33604078000936,
    "user_id_60716": 98.25302769341818,
    "user_id_60621": 98.21767700677013,
    "user_id_60759": 97.62159529014855,
    "user_id_60698": 96.71756819803129,
    "user_id_60593": 96.57357564936278,
    "user_id_59018": 95.95860113960718,
    "user_id_58586": 95.86542367789835,
    "user_id_60636": 95.70350118428911,
    "user_id_60765": 95.59768794700909,
    "user_id_60617": 95.5251301186863,
    "user_id_60797": 95.14253188563443,
    "user_id_60796": 94.71236209969734,
    "user_id_60787": 94.66037197375775,
    "user_id_60750": 94.12355141885898,
    "user_id_60598": 94.02032876496236,
    "user_id_60603": 93.29261496096098,
    "user_id_60643": 93.16804601632633,
    "user_id_60649": 92.98357381168948,
    "user_id_60590": 92.79893502146847,
    "user_id_60637": 92.64004532310622,
    "user_id_60777": 92.45259160063473,
    "user_id_60791": 92.43279343588924,
    "user_id_60661": 92.34569200206926,
    "user_id_60756": 92.33221411528471,
    "user_id_60703": 92.26300956000509,
    "user_id_60766": 91.8085398307314,
    "user_id_60795": 91.72639380659382,
    "user_id_60635": 91.53495361156976,
    "user_id_60610": 91.08975459042742,
    "user_id_60723": 90.85267293968508,
    "user_id_58547": 90.83946848122056,
    "user_id_60767": 90.7050459503012,
    "user_id_60734": 90.56031556150153,
    "user_id_60620": 90.5119211950312,
    "user_id_60761": 90.49812405680507,
    "user_id_60697": 90.05973002917374,
    "user_id_60742": 89.80146904625427,
    "user_id_60691": 89.59491893367814,
    "user_id_60693": 89.58471830867774,
    "user_id_60699": 89.55595567841937,
    "user_id_60640": 89.52175128877137,
    "user_id_60580": 89.43997897149852,
    "user_id_58778": 89.40013725394785,
    "user_id_60692": 89.18702756592796,
    "user_id_60594": 89.16848226080809,
    "user_id_60585": 88.9388346473563,
    "user_id_60705": 88.91502632762308,
    "user_id_60717": 88.01666683908614,
    "user_id_60770": 87.65957863625648,
    "user_id_60608": 87.42123204940604,
    "user_id_60638": 87.20313131982407,
    "user_id_60775": 87.12020617091842,
    "user_id_60601": 86.89303983741475,
    "user_id_60696": 86.86117812260159,
    "user_id_60653": 85.75581421000642,
    "user_id_60605": 85.50093669233449,
    "user_id_60876": 85.48693649948945,
    "user_id_58634": 85.39265899927054,
    "user_id_60632": 85.29958000272403,
    "user_id_60676": 83.92776707152207,
    "user_id_60753": 83.78053564432709,
    "user_id_60781": 83.6218428606008,
    "user_id_60641": 83.57763282373134,
    "user_id_60835": 83.35498345999245,
    "user_id_60591": 83.35339639052975,
    "user_id_39200": 83.31672381945317,
    "user_id_60602": 82.2371655320831,
    "user_id_58610": 82.19041593003372,
    "user_id_60885": 81.88449245566584,
    "user_id_59308": 81.66409586846302,
    "user_id_60846": 81.62082666354237,
    "user_id_60768": 81.44597691965518,
    "user_id_60889": 81.03731048862129,
    "user_id_60589": 80.77223954699768,
    "user_id_60758": 79.28403644710818,
    "user_id_60764": 79.16093870285243,
    "user_id_60592": 79.13391449779982,
    "user_id_60619": 79.09930732697026,
    "user_id_60832": 79.08262693179249,
    "user_id_61135": 79.02149806821637,
    "user_id_60595": 78.99995416495483,
    "user_id_58822": 78.97351552069603,
    "user_id_60771": 78.68930187556492,
    "user_id_60747": 78.22986325474763,
    "user_id_60757": 78.17232079904613,
    "user_id_59140": 78.14934988731103,
    "user_id_60670": 77.98879547815666,
    "user_id_60618": 77.49571061125071,
    "user_id_60667": 77.03230542281155,
    "user_id_60690": 76.84972609083361,
    "user_id_49361": 76.73020804729232,
    "user_id_49405": 76.60114193644526,
    "user_id_60644": 76.14269191608905,
    "user_id_60799": 75.83379076458812,
    "user_id_60606": 75.74240073786166,
    "user_id_60788": 75.74136020918456,
    "user_id_47774": 75.65111501546201,
    "user_id_60776": 75.5650010806103,
    "user_id_60730": 75.52805709779321,
    "user_id_60688": 75.44926339029934,
    "user_id_39160": 75.23362289849864,
    "user_id_60737": 75.0416500731342,
    "user_id_60720": 75.03564496378021,
    "user_id_60738": 74.97707119045336,
    "user_id_60810": 74.9330735808953,
    "user_id_60634": 74.59067887721561,
    "user_id_60706": 74.53055975144453,
    "user_id_60660": 74.3357849394873,
    "user_id_60673": 74.296540031559,
    "user_id_60870": 74.0811426761632,
    "user_id_60686": 74.03825137962068,
    "user_id_60710": 73.96302518727448,
    "user_id_60695": 73.78525317162138,
    "user_id_58575": 73.64760011866663,
    "user_id_60733": 73.61764147239153,
    "user_id_61659": 73.56715782340741,
    "user_id_60774": 73.30798784311116,
    "user_id_59137": 73.05181204362496,
    "user_id_60647": 72.90084756002429,
    "user_id_60652": 72.7205966763837,
    "user_id_8160": 72.65823131262121,
    "user_id_60694": 71.98516614601961,
    "user_id_60833": 71.95797320068701,
    "user_id_60792": 71.85172490521306,
    "user_id_60772": 71.11610326702797,
    "user_id_60611": 70.71693735238432,
    "user_id_60895": 70.4798589459723,
    "user_id_60722": 70.19575077919741,
    "user_id_60683": 70.0812761373634,
    "user_id_61406": 69.96248181399187,
    "user_id_58758": 69.18751883858201,
    "user_id_61019": 68.99346441279353,
    "user_id_60752": 68.84551716278362,
    "user_id_60727": 68.0143540680325,
    "user_id_60622": 68.01198876553347,
    "user_id_60739": 67.98340058473829,
    "user_id_60657": 67.97360280535759,
    "user_id_60773": 67.78109162791648,
    "user_id_60724": 67.64626306433169,
    "user_id_60671": 67.47513672319198,
    "user_id_60760": 67.0432333699391,
    "user_id_60755": 66.88051922449631,
    "user_id_60749": 66.83773871334222,
    "user_id_60678": 66.41540154890176,
    "user_id_60668": 66.3005658639237,
    "user_id_60812": 66.0222198041748,
    "user_id_61041": 65.97093846649942,
    "user_id_48102": 64.90637929439657,
    "user_id_61053": 63.630299865855605,
    "user_id_60782": 63.438483283002725,
    "user_id_60825": 63.12890162379688,
    "user_id_60721": 62.872424192816425,
    "user_id_60836": 62.243056594288774,
    "user_id_60623": 62.17470273719775,
    "user_id_49823": 61.05466650973005,
    "user_id_60829": 61.03254292584083,
    "user_id_60898": 60.01676433734815,
    "user_id_60581": 59.9124250765539,
    "user_id_60586": 59.90922955756818,
    "user_id_60599": 59.53052744044177,
    "user_id_60624": 59.35733315710263,
    "user_id_48721": 59.31686808058632,
    "user_id_60631": 59.27484787568602,
    "user_id_60604": 58.842336927976106,
    "user_id_60900": 58.40163043901467,
    "user_id_16304": 58.374703880140245,
    "user_id_8246": 58.00416452625278,
    "user_id_58616": 57.94583626208136,
    "user_id_60839": 57.703942820103336,
    "user_id_60648": 57.663925433601385,
    "user_id_52592": 57.25932599052006,
    "user_id_61048": 57.06683440131168,
    "user_id_60769": 57.05863414376318,
    "user_id_47937": 56.478706896872644,
    "user_id_48083": 56.40497398919855,
    "user_id_60715": 55.99836089217627,
    "user_id_60587": 55.967308080434364,
    "user_id_60719": 55.93996992504388,
    "user_id_49687": 55.636039001742155,
    "user_id_47920": 55.193713449197084,
    "user_id_61519": 54.79470658065332,
    "user_id_8318": 54.794331495162446,
    "user_id_8317": 54.73253400069202,
    "user_id_60731": 54.19971732725862,
    "user_id_60896": 53.965372038930454,
    "user_id_60625": 53.86896558179628,
    "user_id_60790": 53.63611396535729,
    "user_id_60675": 53.15256002393233,
    "user_id_60665": 53.14060502309809,
    "user_id_60627": 51.53937196008134,
    "user_id_60762": 50.917821520369145,
    "user_id_48117": 50.42403485099749,
    "user_id_60891": 50.13021341275359,
    "user_id_60785": 49.585770828256,
    "user_id_60669": 48.261142859826805,
    "user_id_40186": 47.67795710532364,