{
    "user_id_16304": 0.9248171343015988,
    "user_id_2843": 0.8866666666666667,
    "user_id_34511": 0.8840804953560373,
    "user_id_3544": 0.9588325652841784,
    "user_id_39021": 1.057401917872832,
    "user_id_39160": 0.8989982916980469,
    "user_id_39190": 0.9692359409938683,
    "user_id_39200": 0.7686815905713754,
    "user_id_40186": 1.0036868346322203,
    "user_id_40552": 4.142857142857143,
    "user_id_47329": 1.152353602917971,
    "user_id_47774": 0.8198186338479018,
    "user_id_47879": 1.0516169654100689,
    "user_id_47920": 1.1191211348124286,
    "user_id_47937": 0.8113540345435778,
    "user_id_47961": 0.8426308006764637,
    "user_id_47996": 0.8034142597358735,
    "user_id_48025": 1.0046189433865018,
    "user_id_48083": 0.977494224678215,
    "user_id_48090": 1.3273627874470155,
    "user_id_48102": 0.7591822196775645,
    "user_id_48117": 0.6965918402799947,
    "user_id_48721": 0.9581500331605708,
    "user_id_49315": 2.3636363636363638,
    "user_id_49361": 0.7007073284066115,
    "user_id_49405": 1.1886595586798538,
    "user_id_49687": 1.0065867281531073,
    "user_id_49823": 0.9035187585808169,
    "user_id_50263": 0.8904939352610806,
    "user_id_51584": 0.5305029266105247,
    "user_id_52592": 0.9559269661987922,
    "user_id_58547": 0.7436777014034983,
    "user_id_58575": 0.6922321333825853,
    "user_id_58585": 0.8885345078283542,
    "user_id_58586": 0.8288489211601608,
    "user_id_58610": 0.8975941380861716,
    "user_id_58616": 0.9288377401893635,
    "user_id_58634": 0.818017565156612,
    "user_id_58744": 0.8438593768131819,
    "user_id_58758": 0.6742250339413568,
    "user_id_58778": 0.9607135494328094,
    "user_id_58822": 1.042346791931544,
    "user_id_58834": 0.8707029825391643,
    "user_id_58865": 0.9745063579865123,
    "user_id_59018": 0.8759473801583805,
    "user_id_59137": 0.912470756646158,
    "user_id_59140": 0.8508930932440784,
    "user_id_59308": 0.8492783064358034,
    "user_id_60578": 1.2307692307692308,
    "user_id_60580": 0.6471467633308362,
    "user_id_60581": 0.3514543226227456,
    "user_id_60583": 0.4262295081967213,
    "user_id_60584": 0.9474109206302734,
    "user_id_60585": 0.8006457536922664,
    "user_id_60586": 0.9121950491388656,
    "user_id_60587": 0.713316952252899,
    "user_id_60589": 0.9058593385158096,
    "user_id_60590": 0.9602117789760545,
    "user_id_60591": 0.8920917989654665,
    "user_id_60592": 0.8175215764660604,
    "user_id_60593": 0.9568691737158125,
    "user_id_60594": 0.6365123143504692,
    "user_id_60595": 1.1957819387523274,
    "user_id_60598": 0.96356983828192,
    "user_id_60599": 1.0860242533373108,
    "user_id_60601": 0.774891480354774,
    "user_id_60602": 0.9350996911856414,
    "user_id_60603": 0.8419838019416641,
    "user_id_60604": 0.8603390596347743,
    "user_id_60605": 0.7395962298150919,
    "user_id_60606": 0.882755684452998,
    "user_id_60608": 0.7974738905385631,
    "user_id_60610": 0.8767495512221536,
    "user_id_60611": 0.881067426514044,
    "user_id_60613": 1.1621519561153668,
    "user_id_60614": 0.7889167273278812,
    "user_id_60615": 0.7936808660411983,
    "user_id_60616": 0.8609549054702764,
    "user_id_60617": 0.8238194908020987,
    "user_id_60618": 0.7559072889597692,
    "user_id_60619": 0.8067175279486233,
    "user_id_60620": 1.2760403589870475,
    "user_id_60621": 0.7542016928337409,
    "user_id_60622": 0.8544900503588122,
    "user_id_60623": 0.6258137670055253,
    "user_id_60624": 0.9108292352934044,
    "user_id_60625": 0.7579988389402963,
    "user_id_60627": 0.8631642165418331,
    "user_id_60628": 0.6849046793069167,
    "user_id_60630": 0.5283926135127893,
    "user_id_60631": 1.17201810132233,
    "user_id_60632": 0.9174192852491618,
    "user_id_60634": 0.5619095230495883,
    "user_id_60635": 0.7704816263425371,
    "user_id_60636": 0.9852420713662364,
    "user_id_60637": 0.8330278512101595,
    "user_id_60638": 0.8579798447716077,
    "user_id_60639": 1.1327815896807147,
    "user_id_60640": 0.7304111193570603,
    "user_id_60641": 0.9317773866591081,
    "user_id_60642": 1.1370184631890483,
    "user_id_60643": 0.8267459838014991,
    "user_id_60644": 0.7700052626472672,
    "user_id_60645": 0.7619284004256103,
    "user_id_60647": 0.7675258104849915,
    "user_id_60648": 0.7765539580271822,
    "user_id_60649": 0.7927112777946532,
    "user_id_60651": 0.8643354594654054,
    "user_id_60652": 0.9683932275410042,
    "user_id_60653": 0.7502582157592071,
    "user_id_60654": 0.9514015633534704,
    "user_id_60657": 0.8555284245546759,
    "user_id_60658": 0.8290867621935392,
    "user_id_60659": 0.7986419555716269,
    "user_id_60660": 0.7811258729757599,
    "user_id_60661": 0.9179987110713315,
    "user_id_60662": 0.9013543316203186,
    "user_id_60665": 0.6394155171759046,
    "user_id_60666": 1.2502575427972809,
    "user_id_60667": 0.797767774678081,
    "user_id_60668": 1.0120298778868049,
    "user_id_60669": 0.8351511734315327,
    "user_id_60670": 0.7500753968592281,
    "user_id_60671": 0.9176341927139241,
    "user_id_60672": 0.7655277060087539,
    "user_id_60673": 0.8885856727668865,
    "user_id_60675": 0.7629151800330982,
    "user_id_60676": 0.9772954782326699,
    "user_id_60677": 0.798228155201166,
    "user_id_60678": 0.6718206204571229,
    "user_id_60679": 0.9760349471768622,
    "user_id_60683": 0.6542008866667847,
    "user_id_60686": 0.7174291754751561,
    "user_id_60688": 0.9687976233132545,
    "user_id_60689": 1.7142857142857142,
    "user_id_60690": 0.7746590147109432,
    "user_id_60691": 0.8438703056500023,
    "user_id_60692": 0.6710278865525886,
    "user_id_60693": 0.9280602288208111,
    "user_id_60694": 0.8246401650537013,
    "user_id_60695": 0.700880967821661,
    "user_id_60696": 0.7058703412410563,
    "user_id_60697": 0.8556702188127168,
    "user_id_60698": 1.0042093454712695,
    "user_id_60699": 0.6979753752156426,
    "user_id_60700": 0.8259796159598315,
    "user_id_60703": 0.8108512916289446,
    "user_id_60705": 0.7678744885621034,
    "user_id_60706": 0.8436722794936452,
    "user_id_60707": 1.0431464132626638,
    "user_id_60708": 0.9008819697482569,
    "user_id_60710": 0.9672499662859306,
    "user_id_60711": 0.7811608056347059,
    "user_id_60712": 0.8099565606432104,
    "user_id_60713": 0.7808080808080807,
    "user_id_60714": 0.7405207471393831,
    "user_id_60715": 0.7931981728550056,
    "user_id_60716": 0.8325344979603153,
    "user_id_60717": 0.8654850531142556,
    "user_id_60719": 0.8702280842999688,
    "user_id_60720": 0.8149420000436403,
    "user_id_60721": 0.9972505980556019,
    "user_id_60722": 0.9021517400566613,
    "user_id_60723": 0.9502862251343309,
    "user_id_60724": 0.9250460143255468,
    "user_id_60725": 1.3291503892664605,
    "user_id_60727": 0.9229832753260137,
    "user_id_60728": 0.571775704038456,
    "user_id_60730": 0.8454087972959966,
    "user_id_60731": 0.8381662671612836,
    "user_id_60733": 0.9274678308779031,
    "user_id_60734": 0.9333761709150817,
    "user_id_60737": 0.7021273051433451,
    "user_id_60738": 1.0323408022913145,
    "user_id_60739": 0.8184525379952947,
    "user_id_60742": 0.8019284376456897,
    "user_id_60746": 0.8366277864896957,
    "user_id_60747": 0.8015781024216592,
    "user_id_60749": 0.9036025644324771,
    "user_id_60750": 0.7598624743116447,
    "user_id_60751": 0.9003305599710112,
    "user_id_60752": 0.9996806319358778,
    "user_id_60753": 0.5759303838569954,
    "user_id_60755": 0.8622940681275211,
    "user_id_60756": 0.9997601629664662,
    "user_id_60757": 1.0963830988949153,
    "user_id_60758": 0.9249147205693014,
    "user_id_60759": 0.8168426270266924,
    "user_id_60760": 1.0009186764339526,
    "user_id_60761": 1.081049017350556,
    "user_id_60762": 1.1299060351947479,
    "user_id_60763": 1.2200896389001206,
    "user_id_60764": 0.8773029882691424,
    "user_id_60765": 0.9324279009648617,
    "user_id_60766": 0.7446978150307972,